Original ID,New ID
01JDJ23EA0C0P2KFPTXDKTZMNM,1
01JDJ23EA0C0P2KFPTXEJNC8TE,2
01JDJ322S0KH01ENA31X2QB60M,3
01JDJ322S0KH01ENA320NK4MM4,4
01JDJ34EYGXHFM1HRDHCP0DFXY,5
01JDJ3N080WQD8H1GZBHA8RVCX,6
01JDJ3N080WQD8H1GZBM9EDBTP,7
01JDJ4BE0RWVV2D19G7SQ8RBYK,8
01JDJ4DX40JG91GBMZEC5RSHB9,9
01JDJ4DX40JG91GBMZED98E2RB,10
01JDJ4E7VR42BGC499NTZH2XSY,11
01JDJ4E7VR42BGC499NVP43KJC,12
01JDJ4G3E06KRY88PKQD31NR57,13
01JDJ4G6BRC5CERSRER9WPC6HZ,14
01JDJ4HS4R61NSAXG1FPBHY9T3,15
01JDJ4KXG8CF3XW9R97SQZ02MJ,16
01JDJ4KXG8CF3XW9R97X433RT4,17
01JDJ4N9EGSYWJH6M0TAZSQMX8,18
01JDJ4NR38V2G22TZGQZQ6NSHG,19
01JDJ4XN10E2CRZ37RNXZGC4NX,20
01JDJ4XN10E2CRZ37RNZ5GAFW6,21
01JDJ5H9Y0NHNA3EPTVE55ED1V,22
01JDJ5MEGR3PENHRCM0SEGNR1X,23
01JDJ5MEGR3PENHRCM0T9J0MMJ,24
01JDJ5P2905C0VYRRJGT4C4RE2,25
01JDJ5WZYRMX4M4539CXN5WTCQ,26
01JDJ5Y61G9N0AHK33JESWG6NK,27
01JDJ5Y61G9N0AHK33JG7C2Q3P,28
01JDJ5Y9YG1RXWCG0JBK2CFWAX,29
01JDJ5Y9YG1RXWCG0JBKM91339,30
01JDJ689982VZMVJP0D5T45MTY,31
01JDJ689982VZMVJP0D6XM3DQ1,32
01JDJ6GB38ZWBTX9DN02E5F9DT,33
01JDJ6MA1RJ9VVYP8KSR94E01G,34
01JDJ71WM0XMA9QBTAZNKT0DK4,35
01JDJ71WM0XMA9QBTAZPK15S56,36
01JDJ7JTKRMWCAHERSBZ95YDW1,37
01JDJ7VRR0QGHSHN2PQEKGFEJ0,38
01JDJ7W3FR183N6CCJW6M4XZJ4,39
01JDJ7W3FR183N6CCJW9258S3T,40
01JDJ81S48MA8TWMXG6QTNKTA8,41
01JDJ85XY8Y9N5CCWKMGQV3SPQ,42
01JDJ88ZK8F1G36X8W306R4F0Q,43
01JDJ88ZK8F1G36X8W32V0Q5A5,44
01JDJ8BGN01F91TZM2NWRES7SR,45
01JDJ8Z5J0J92KZTWM5MX27EB0,46
01JDJ8ZJ880A5JC3PWK5Q6YRXP,47
01JDJ8ZJ880A5JC3PWK8DRP4H8,48
01JDJ92A4RT9XTR4T3G2B47WQ4,49
01JDJ94FFGXFRAKC1176MF5QBE,50
01JDJ94FFGXFRAKC1179RPA7Q2,51
01JDJ96PRRFG6ACDBME1VJTRAS,52
01JDJ96PRRFG6ACDBME22RT2MD,53
01JDJ9C5JGGN32R7Y56V9YQGY0,54
01JDJ9E7ZG008EM4ND7FAVCPFM,55
01JDJ9E7ZG008EM4ND7GM41QYP,56
01JDJ9F49RQJZ4HFDHW972TKHJ,57
01JDJ9F49RQJZ4HFDHWAYEX3MG,58
01JDJ9GWY8GBAG8ZNJXF8S62YW,59
01JDJ9HBK0X3FAF6WN92HK9QC7,60
01JDJ9MYTGY41KK8P9B13XPKBC,61
01JDJ9MYTGY41KK8P9B32NYFJ5,62
01JDJA25NRTRX44QTJW954AMHM,63
01JDJA3CQRV50YNPE0TXDFEZ2E,64
01JDJAFR80KKQ4GKTJM47CC94H,65
01JDJAPG28XZA63ECD4EGPSHFY,66
01JDJATD288CGNEQ3VM2Z8CY13,67
01JDJAV2HRJQ969QH71D93K0QY,68
01JDJB50X8283SDATV3H3NM7B9,69
01JDJB50X8283SDATV3H86ZMZY,70
01JDJB53V00GHVA4M3BV6SHJBA,71
01JDJB6YE0CXF4B079B14QG9AJ,72
01JDJB9MC0YSNQAT9A6Y8V977Z,73
01JDJB9Z3R66BBKVRBF5W037QW,74
01JDJBEVBR13NH7MN0ATHV41Y2,75
01JDJBFMR8RMEBQQFWZSJGEJ98,76
01JDJBHAF0Z3GW0PHGER5VXP2G,77
01JDJBHAF0Z3GW0PHGERJE4AY5,78
01JDJBKPMGA57B67N0K0MAMS9J,79
01JDJBKPMGA57B67N0K41V6SAT,80
01JDJBPPB0NQ052XX27P9SGHW7,81
01JDJBPPB0NQ052XX27RG5ADCQ,82
01JDJCDDW8AYKWZX1YEYTMMJW9,83
01JDJCG5RR8PDECVH4W0WXG5NV,84
01JDJCN11G6ECH692PVZ480A2V,85
01JDJCW0NR4XT5M0KVHYN6MAY5,86
01JDJCW3KGHZVC0SEP5506HZVG,87
01JDJCWZXR33TXHYYW7VXG740D,88
01JDJCYHQGRRVGSEP34HF90XFN,89
01JDJD2TEGMEWV2H020DRSCV0T,90
01JDJDBRJRM9P8EF8B6TA5MZ5J,91
01JDJDBRJRM9P8EF8B6Y8FX9JD,92
01JDJDE3S0SR99BS7JN1GPT7FX,93
01JDJDRGS8FR3E580Y602TQBGJ,94
01JDJDRGS8FR3E580Y63X495NW,95
01JDJDS96G2266TPN92YR3VKR8,96
01JDJDS96G2266TPN932PD95YW,97
01JDJDXKW0PMMHMYJPVRWP45RJ,98
01JDJE8KE0796BKRD0PXS6A8B2,99
01JDJEPTGGKR5KYRDVDDFPB6PX,100
01JDJEPTGGKR5KYRDVDHBHXCHS,101
01JDJEZ630GGNHRTGWH4CPTQT0,102
01JDJF1J8GH5HEEKPPC29TF0TG,103
01JDJF4778ZS7VFPYB7HPRPEWJ,104
01JDJFPK3RFFV9PFJNFW9MK7DJ,105
01JDJFSKSGRC1013KGWED5CTH5,106
01JDJG131RC7AJ2PAGRV6N1JGW,107
01JDJG131RC7AJ2PAGRVBG1RCT,108
01JDJG3XW0PPRSZ274ZBG31GJ5,109
01JDJG3XW0PPRSZ274ZEHXA1T5,110
01JDJG74D836FYKY0GF4KPWNF4,111
01JDJG74D836FYKY0GF6072AZW,112
01JDJG8DDRGVE1V3W700CT7KJE,113
01JDJG9Z7GHGV8XDCSDEPT4WD2,114
01JDJGAVHRAXHWQMMTE47EGMAZ,115
01JDJGB78R8TZ08EXQCRGVBTH5,116
01JDJGB78R8TZ08EXQCTP9KAP4,117
01JDJGGP2GKC7KHPFQE2K78K12,118
01JDJGJGNGWB2QG65V8BHMCNJA,119
01JDJH1G58GRT4AEDNDG2Y27K8,120
01JDJH1G58GRT4AEDNDHKHXY29,121
01JDJH6CD80HA41WF6D50F2EQ1,122
01JDJH74TG34EAH5CD2ETD23FK,123
01JDJJ3B5GHP300A05B9VZPRYF,124
01JDJJ3B5GHP300A05BABWJWS7,125
01JDJJFDWGB7Z8FT4D4J384JWA,126
01JDJJRC0RYJBXV5XB5X7XS13W,127
01JDJJVSCR6RGXDHZ5YBYMW4WG,128
01JDJK0ZD8C50C1J5FYXBY6500,129
01JDJK5TP0FJ66XKM18T5GMZAR,130
01JDJKHSG06NPSZNRBSZVA7KNB,131
01JDJKVVRGAWFA4QMYT7YNJMT7,132
01JDJM4B802K7QPER4FV9W5HYS,133
01JDJM4B802K7QPER4FXBCFQR7,134
01JDJM7628MAJ0QFMC1PZAV6T9,135
01JDJM7628MAJ0QFMC1R70KRFC,136
01JDJMENAG6ECB939G3T785SXH,137
01JDJMFBS8E1F7H85R8NXJKPKR,138
01JDJMN0EGWXTFFPW4PQFKQ4S6,139
01JDJMVT78KMZ56YC7SEVMFYAH,140
01JDJMVT78KMZ56YC7SFT5HS5C,141
01JDJNCCG0M3GAHFZ2N48A3JW2,142
01JDJNCCG0M3GAHFZ2N50WCE10,143
01JDJNK780R6J2HBGRD581P5FF,144
01JDJPD0E84XGT5ANWV5HGWZ01,145
01JDJPGZCRA2TEXCH8805PVDSK,146
01JDJPHF0REEMGH6JC4YDK6E89,147
01JDJPHF0REEMGH6JC5222W55K,148
01JDJPNHW8EZ8REZZ70YDR0DQY,149
01JDJPNHW8EZ8REZZ70ZQA7MWG,150
01JDJPZN40TD635TTZ9WB1SJJA,151
01JDJQ5GM0CJJZ35F2VT18YEFK,152
01JDJQ5GM0CJJZ35F2VXZ3KPP2,153
01JDJQN1P8BKBQHR4RDB662ECF,154
01JDJR7QB81WR3G5PFR1585ZJM,155
01JDJR7QB81WR3G5PFR2QW5RE8,156
01JDJR9NV8M8NHCVYSVGEM7VYX,157
01JDJRPJY0SHYZ7NR5RT43GWV8,158
01JDJRQ6F0V6AT38S6F2Y6BW8J,159
01JDJRQ6F0V6AT38S6F39YP07J,160
01JDJRR7NGZ1DG3X666DABD3GQ,161
01JDJRT8406NG30YQ07CFS8NNB,162
01JDJS1MEGCWSDN5AYTKRB587G,163
01JDJS1MEGCWSDN5AYTMQPC954,164
01JDJS6AV0PNP9MCG83M29QYTG,165
01JDJS6AV0PNP9MCG83MYDE56N,166
01JDJS6RGGBAHVPE6W8Y905MA4,167
01JDJS6RGGBAHVPE6W8ZZAP2Z4,168
01JDJSBNQRWRMJ7NNV1RVVTSAF,169
01JDJST1PGE748380CSM4V3RRY,170
01JDJST1PGE748380CSN391CS0,171
01JDJSZNCGDM608ERX7ZF8BZYQ,172
01JDJSZNCGDM608ERX838AM7ZN,173
01JDJT2G6RMQZFFEGBGFYXHWVW,174
01JDJT3DG8V6BGB0K4X4Y74768,175
01JDJTC1W0TE8ECRQQJDC0ZSRZ,176
01JDJTDCV0DK7HP80E8PZHH139,177
01JDJTDDT8VMFS3P4AGWA4R9A0,178
01JDJTDDT8VMFS3P4AGZ1ZJZSA,179
01JDJTHDR0FFXAVCXJXRBHFC15,180
01JDJTP16RCF7HZK6D23YQNK1G,181
01JDJV1FDGTWMC4C6ARG6QJ54W,182
01JDJV1FDGTWMC4C6ARHQKTQ4F,183
01JDJV2XA8EV15WS4C8TC29N5W,184
01JDJV8E2G9JP4P4XYPC7EWC56,185
01JDJVM808NAKB8FKXP5HMG8G9,186
01JDJVNJZ8AZ4BYK3MEZQW195V,187
01JDJW83R0AA3X0YPGZFBYD1K5,188
01JDJWM6F058QAWM4NS06NWXY2,189
01JDJWT9S0BCTC6TXTS638EX4D,190
01JDJXDH0G0P0SQ14WMGR1AJZV,191
01JDJXGAVG3BCSM5Z8HPBCB348,192
01JDJXTYPGW273YC1VZ1RMCMFC,193
01JDJXV9E8FZ5YHAA5E5JYEAD3,194
01JDJXX22R73Q34MK692CSE66T,195
01JDJY1DQG2PVT91Q2CG8J7ZJV,196
01JDJY1DQG2PVT91Q2CKKFER6K,197
01JDJY4M8RD06K2QWJ37A7P4TH,198
01JDJY9SA0TY2HVHAVSFGR74N7,199
01JDJYGQZ0JFGTWAVCYE88FW6J,200
01JDJYJWAG879GTWMDN2QQX848,201
01JDJYZ00R191MTCZS3YEV0DDW,202
01JDJYZ00R191MTCZS41SA38Q4,203
01JDJZ2V28W01GJVCX7MKD7WQ4,204
01JDJZ2V28W01GJVCX7Q63N97K,205
01JDJZ5XPGQEW9WBZPFQT7TSVQ,206
01JDJZ5XPGQEW9WBZPFSDANS1Y,207
01JDJZ6K60VJJ47YG338RTPSN3,208
01JDJZ6K60VJJ47YG339FW5YQW,209
01JDJZQBA8GS8B7FGEJGSVHJDD,210
01JDJZQBA8GS8B7FGEJKN025MP,211
01JDJZRGDR4ABGHTN78QKZDFSQ,212
01JDJZSBRR3XWSNN0MQ9PYG9H0,213
01JDJZSBRR3XWSNN0MQC5D3PQY,214
01JDJZXVAG7Z28WPAB0N200D5M,215
01JDJZZ880V1JD1422FBG3FE7M,216
01JDJZZ880V1JD1422FEDAY26P,217
01JDK00W088TM0MVSXQYRNWXPC,218
01JDK00W088TM0MVSXR0ESMF7G,219
01JDK02230H7E1F687V4D036R7,220
01JDK0F8Y84QV0GS5PXTDZCE11,221
01JDK0MJVREYXHEEGH60X4BQKF,222
01JDK0MJVREYXHEEGH63PW64CG,223
01JDK0NQ00THSTF5V94FZ33S7F,224
01JDK0SE4G4P0CN5C52TGNK70W,225
01JDK0SE4G4P0CN5C52XJ15ABC,226
01JDK12K3GNJ3N89M1T169GR53,227
01JDK12K3GNJ3N89M1T4T9M38S,228
01JDK13KAR69NJ2575WRPE1VXK,229
01JDK13KAR69NJ2575WT84YDJ5,230
01JDK15B00T7WSDGJZHPJPN0QS,231
01JDK19528K28JXMFJCPHQ9FMG,232
01JDK1DYCGN2Y7VDSGH5TNDWEZ,233
01JDK1N9QR15NQ47Z1DWBHERSN,234
01JDK1N9QR15NQ47Z1DZ4736SF,235
01JDK1ZXJRG7DVR2TZAZAVXF1C,236
01JDK1ZXJRG7DVR2TZB1002DFT,237
01JDK20M1GSQBXEKA6ZK2H5ZA4,238
01JDK20M1GSQBXEKA6ZN9ZP1V1,239
01JDK2BXC0HSXYAN5RCYYVSHCQ,240
01JDK2BXC0HSXYAN5RD0W1YADF,241
01JDK2CVMRZ0DZ5DN5S6CQF9HY,242
01JDK2MET08THEY2W8E1G8YK53,243
01JDK2MKP8KJQ87103H2C988Q5,244
01JDK2VY2832HCMTJGK8C26QD1,245
01JDK323ARAF319ESYYXKNWPDA,246
01JDK323ARAF319ESYYZ7GSCJN,247
01JDK377CRKMVRPA4JRTEKTWJQ,248
01JDK37WW8PPFGENP3XRD9XBBD,249
01JDK38R78G8AMRA87CTVKEHZV,250
01JDK3ACYR7NQD0FNYC8HXP9QN,251
01JDK3ACYR7NQD0FNYC9QTC7YK,252
01JDK3D3W0N7D29EN7YNEZ00DB,253
01JDK3FWQR6K9A1KRJQ9SM43JA,254
01JDK3H1V89RQJF6KZTSQ1EFXE,255
01JDK3H1V89RQJF6KZTVCC9SX3,256
01JDK3H5R8R2GJG32Y5FNJ0W4Y,257
01JDK42EFRJZ3NNXNTBBQQFZ9T,258
01JDK4GEQGYP0JNTHN9XJAZQ5P,259
01JDK4HEYR229X5E10EVZZM77K,260
01JDK52VK898WFR4ZJTJTDH0FF,261
01JDK585GR9WGGCD61Q7Z15N4N,262
01JDK5EFNGT8ZHMTQXQ4BNH8NQ,263
01JDK5J3W8MDVKYAVYQG7T0Z4J,264
01JDK60AYRQQJQVRC55MHVMM2N,265
01JDK60AYRQQJQVRC55N4T0HCV,266
01JDK679KRKRE27VE6AKECAQPW,267
01JDK6FYYRZ4BW0FQ836FJJ4ZW,268
01JDK6N30RSF457BBJWE06P3XG,269
01JDK6R8JRDKMAGMQ1XPBY8MPB,270
01JDK6TZG0A99BB2DBWKFQ7R5Y,271
01JDK77BZGM8WD5ZMZ5TE501YR,272
01JDK77BZGM8WD5ZMZ5XBV8R5B,273
01JDK78F4GGWNEF081HNWCV53Q,274
01JDK78F4GGWNEF081HQ9VMG1V,275
01JDK7GA3RP1KAJ7E2XC947Q1Z,276
01JDK7HYV8MPDQ0RP31TQMDMDT,277
01JDK7HYV8MPDQ0RP31VABK861,278
01JDK7YVY0DC9FPJ6P815S2G32,279
01JDK7ZAJREFKN110FEBTDTTS8,280
01JDK89ZD0EBT2AM94SPD9FYDN,281
01JDK8AZM8V0J7TREYBKQB1WSF,282
01JDK8AZM8V0J7TREYBM3YBX7Q,283
01JDK8BK58RGH1ESPXBTT0RCBM,284
01JDK8BK58RGH1ESPXBWQTJ2ZK,285
01JDK8JKRRT1E1KSFRGE0RQNXK,286
01JDK8WB9G22AH40AYKCJWSYG9,287
01JDK9H4ARE3X899Z1WHQYG7YC,288
01JDK9H4ARE3X899Z1WMTERGG5,289
01JDK9HRV09BJPYM76500M0JMB,290
01JDK9S09860CDNP29HFDYYTRT,291
01JDKA77BR188H9P1Z28RANR47,292
01JDKA9TC0QPRX06ZM190KBN9D,293
01JDKAMRYR8TFBBHDQ8QGK6FVY,294
01JDKAMRYR8TFBBHDQ8V0QBVQD,295
01JDKAN7KG6YJPWQ6GRZ7FQRV4,296
01JDKAPARGTPV1X66DGPY0GY9M,297
01JDKAW77R52D4XGM31CHDFPJ8,298
01JDKAW77R52D4XGM31GCP9C47,299
01JDKAY5QRGHV5BM5XSQVPPP45,300
01JDKAZTF8MJW71KGA2DA556GK,301
01JDKBSES8M682CMYD0NKZ3BF4,302
01JDKBXDQRZB2KRCS1VB8630F7,303
01JDKBXQG8CCFR5AXQN47DDXQN,304
01JDKBXQG8CCFR5AXQN7EVHF6J,305
01JDKC9V6G17ZKFZ23DKQRZQ5C,306
01JDKC9V6G17ZKFZ23DMAJGFEZ,307
01JDKCRMTRYJBESBHXN4622EWG,308
01JDKCRMTRYJBESBHXN57KXZMJ,309
01JDKCTP8GEVEWKSQ69VHDZP8X,310
01JDKCTP8GEVEWKSQ69Z2CG3KX,311
01JDKCYZYRJYCGMTEY81HDTH8K,312
01JDKD7AJ0P8CM79VKF3ERWT0S,313
01JDKDSBPRZ36Q4DMPRTN3M8TW,314
01JDKDSBPRZ36Q4DMPRXZBNK5T,315
01JDKE4TWR2VXZNJ7QCM6RZQ2D,316
01JDKE7VJGF18X7VVBGCV88JFS,317
01JDKE7VJGF18X7VVBGEJ8ASKP,318
01JDKEA2VRN1XGX7WDFKNQDFWN,319
01JDKETG888J8TSH9N7DFW61SM,320
01JDKETG888J8TSH9N7FKSMYGY,321
01JDKEVEH0E930F6F4QVG2YEMJ,322
01JDKEVEH0E930F6F4QXN8DD08,323
01JDKEY7CRYDJP24PJ2M8EW9RQ,324
01JDKEY7CRYDJP24PJ2Q4AF5CG,325
01JDKEZFE0GYPZWE203M0SWA30,326
01JDKF0DPRNCA7MNWEFPRQK8Q0,327
01JDKF0DPRNCA7MNWEFT1XJR2G,328
01JDKF7AD8W7V6J0DZZPT2F23A,329
01JDKFCT687HVFHC4E88BYF9EF,330
01JDKFE558CWPC0TKETB43FM1F,331
01JDKFEC00XW65WNYWXYFRNWAF,332
01JDKFFYS0SDVFCJBR7CMZ8BY8,333
01JDKFHJH82CTAD95MR5A8P4S1,334
01JDKFJ71GH2ZTY1ST9RMW3AMF,335
01JDKFJ71GH2ZTY1ST9TJRZTHH,336
01JDKG5N3RCDJ7HQ1EBK3FEW19,337
01JDKG6GER3XR5Z82Z9M8SWYS4,338
01JDKGCVJRD8EG4K2TWZFGX1RP,339
01JDKGJ9D8Z4YR0V34S34X92K8,340
01JDKGJ9D8Z4YR0V34S74FNTSH,341
01JDKGSCYG4VGZPKXD4ATCZQ6H,342
01JDKGT5BRDXDJHW6VMJFKW2Z5,343
01JDKGT5BRDXDJHW6VMJJ6WJZN,344
01JDKGWPDGVKJKAX4431VNDZTQ,345
01JDKH77ART19RB5AJ8C4REVDZ,346
01JDKH83N0T03E0H8ZMVMTAPAD,347
01JDKHF0BGDRVB4EBHK2J2F53T,348
01JDKHHAJGJVZA0AP15ZMBF3CK,349
01JDKHHAJGJVZA0AP160J039T9,350
01JDKHM5CRN2B3X8H13G4NYTPX,351
01JDKHQYFR190K3YYG11P000AW,352
01JDKHXJ5RCEX56D5NWNW2FJ6S,353
01JDKHXJ5RCEX56D5NWQFZ81C2,354
01JDKJ8BW8793PVYY17YXHF65J,355
01JDKJAQ2G9ASH4D1KWDZ3KN0D,356
01JDKJE9ARGTBWC198V76XA43J,357
01JDKJHTKRH27D0FT46RVD77KS,358
01JDKJHTKRH27D0FT46W1JCBK7,359
01JDKJY82G1GWNM4850NAM3V8Q,360
01JDKK3WQREP88CHMP2NWH22AG,361
01JDKK3WQREP88CHMP2S1HCHF7,362
01JDKK97MGWHRSD1JVJ8TYPRZ1,363
01JDKKC5CG6WSMJ6H8HXEPZ4VG,364
01JDKKK328XN2WPG8Y9RE1NE2K,365
01JDKKMC2RG3G6N7AQVSD7928M,366
01JDKKR83G68Z0JQ5NTZ61RW97,367
01JDKKYG9RK4R1M377BP5WC0TG,368
01JDKM051811TPPN25BCTHR1EN,369
01JDKM80ZRHZZETGN0H58B8H4H,370
01JDKM9PPGPVQJB42BDQ3C5PAB,371
01JDKM9VJRFDTBGQQA3TCPHZTX,372
01JDKMA6AGDVA1ZG1644MTQYSH,373
01JDKMA6AGDVA1ZG1647M8WW8K,374
01JDKMN2YR9H5VVE6ZBFR0P6YV,375
01JDKMWAD0KJP56M7NX3EQVD6W,376
01JDKMWAD0KJP56M7NX6DWGAMK,377
01JDKMZHXG17FNSAXBJV4DDKWS,378
01JDKMZHXG17FNSAXBJVMY01HN,379
01JDKN780GGZNCKYQSTV189RRY,380
01JDKNTG7853NCKCHHMS97BJFP,381
01JDKNTG7853NCKCHHMT7Y3NCB,382
01JDKNW4YR4NE7SX4YHKQJ9JMG,383
01JDKNZP7RCG9N4V2B3C49P81W,384
01JDKP1QNG3VGNBSC67PPZYZNN,385
01JDKP1QNG3VGNBSC67TBGCVZB,386
01JDKP551GW54S4KFCH9R7K02M,387
01JDKP551GW54S4KFCHBK5NZ2T,388
01JDKP9EQRDADRYFCPY4KF9HVD,389
01JDKP9QH07785SM3Q1NXPVHCQ,390
01JDKP9QH07785SM3Q1PR2DFQD,391
01JDKPQ84RXWNNT9YQE7X7V00S,392
01JDKPQ84RXWNNT9YQE9N2XY04,393
01JDKPQFYR5C925T9P6NWAT921,394
01JDKPSV50GAAHHNFJ1MBJHWE2,395
01JDKPZFT88FYNX7JY9F2YNJYW,396
01JDKQE0N87ZST9ZJ2HZXB1B3A,397
01JDKQNWKRFERFBG8XVXQ2VKJK,398
01JDKQS16G86M88NQNZR7FEPAX,399
01JDKQYHYRFDWS4RBXS2VEC9VN,400
01JDKR31GG7K2N2HZPG90VMY31,401
01JDKR31GG7K2N2HZPGAKQ2W7B,402
01JDKR95SR66CCY4C873QBWB5C,403
01JDKRA610YZV1N5922WRSQC6T,404
01JDKRH7KRBX1A1SZP5DRRBF57,405
01JDKRKHTR65E1BV5F6KQ28B67,406
01JDKRPW90WFH3T34CWVQHDQ7T,407
01JDKRPW90WFH3T34CWX16GQWV,408
01JDKS8BV8KF2QSZPH23N5BE40,409
01JDKSAS00X3GVRYKECB1N80DH,410
01JDKSAS00X3GVRYKECESSEPR5,411
01JDKSB2RG2T91A58NHA4N1JR7,412
01JDKSB2RG2T91A58NHCH3BMZF,413
01JDKSQ6ER8JP8AAWK4VJ25SKZ,414
01JDKSQK50Y3PN1Q3TMZ3J0CVE,415
01JDKSY358J3G7HMP13QR1PC66,416
01JDKTAXA8PCVQGHDHPMS897M2,417
01JDKTBNQGMPKCE4NH81PQ5MMZ,418
01JDKTBNQGMPKCE4NH852C43F5,419
01JDKTC5BGBMV2GW10CMQCK64F,420
01JDKTC5BGBMV2GW10CPCTY707,421
01JDKVR1N07BWKH35431FT1RQC,422
01JDKW25W0NHTHRHJDCEQ2S0PB,423
01JDKW25W0NHTHRHJDCFJN55VD,424
01JDKW4QX03Y7FZE3CR1897KJQ,425
01JDKW705GVJGAVQR56Y9VY16A,426
01JDKW705GVJGAVQR57187RZEC,427
01JDKWGVK8THCY87F1VDAXCQV8,428
01JDKWGVK8THCY87F1VF3S81PW,429
01JDKWP7F8B4755563AWPQS4GJ,430
01JDKWX73GV9RXFCTFS96Z2AV2,431
01JDKWZ8H8F839213BN2CANC3Y,432
01JDKWZ8H8F839213BN65W30EV,433
01JDKX0GJGRRMZAK5AWY73EGH2,434
01JDKX5ES0TRG18XQPSKANYCMV,435
01JDKX5ZC8JWA8XYBFYMX96CTT,436
01JDKX8BHRAH2FSSHEZCXJ8WNZ,437
01JDKX8BHRAH2FSSHEZD8W7WDV,438
01JDKXPWCR1CNF1EM9K146SK7B,439
01JDKXPWCR1CNF1EM9K3E741M9,440
01JDKXSHBGSRSHNN7N481WBBB4,441
01JDKXSM987QZP9DDGVT890T7N,442
01JDKXTCPGTE2SASDME876T80F,443
01JDKXTCPGTE2SASDME8CTA7W4,444
01JDKYG7XGCBT184PABTNNVBY1,445
01JDKYZWWRM1ECR4EM3ZQKMSRB,446
01JDKYZWWRM1ECR4EM43ESR1S3,447
01JDKZ634GWFEA6SJARASDR819,448
01JDKZ91VRWHMVD4MAQTAY6PY2,449
01JDKZ91VRWHMVD4MAQX7QKHFE,450
01JDKZE11GT3VSY5NCJD8PPAQH,451
01JDKZG1G006Y6XA8V7B6HJ519,452
01JDKZMVSG7DFJ81A4C3RHXFBV,453
01JDKZT0TRJY1MGW01SB7VD6C6,454
01JDKZT0TRJY1MGW01SCDHVVX1,455
01JDKZYQ78WRTWPRDNS6BTKEAD,456
01JDM00KRR6K00FGEX4VD24T3V,457
01JDM09TP8V2FWQRD4XMA0JTSN,458
01JDM0D4581NT156X8PBV937VH,459
01JDM0N9W89PK57C7XEQW5VNEG,460
01JDM0N9W89PK57C7XEVGD5C80,461
01JDM0P75R8V701WGHB9DQKMKY,462
01JDM0QM3836EGJ4K0JPEW35XD,463
01JDM0QM3836EGJ4K0JQ6MCB61,464
01JDM0SVCGP370CM8CXQX4E6MF,465
01JDM0SVCGP370CM8CXSAWRZFF,466
01JDM14R0REDM9WPKS4PVR76PY,467
01JDM1B71RRMG8YQM7487Q9YK2,468
01JDM1B71RRMG8YQM748GTF9WN,469
01JDM1KKKGQGZEA4Z3098AJGDX,470
01JDM1KKKGQGZEA4Z30C838Q65,471
01JDM1WMNG9F558G1ZDX8BXQTE,472
01JDM1WMNG9F558G1ZE0F5QTPX,473
01JDM21SPRMT3X8N5D2Z3QBYM5,474
01JDM21SPRMT3X8N5D31JE17R4,475
01JDM2A0D0J1JACXEY6NR3F88G,476
01JDM2DRGRE4443KC8SNBR1EY4,477
01JDM2HREGVAV0HYKV4WR5NDXR,478
01JDM2HREGVAV0HYKV4XFS904Z,479
01JDM2MZZ0YJCV76S0Y0WQKM9R,480
01JDM2XX40EW4JNJEHR40S1YEG,481
01JDM32QDGNCT9E1CWSNQQTFN0,482
01JDM392HGZ16JAARTS8WWAD99,483
01JDM435G8FE69CM24BSFCXRQB,484
01JDM442SR45AXSJF3ZDG5ABJX,485
01JDM4521RCCAAWK2AVNZ7YJ8E,486
01JDM4521RCCAAWK2AVPKSW8GP,487
01JDM45FQ8QB3WHQ3T8WAT7HD1,488
01JDM47Q0G4CZDA1D7DF3QRTVR,489
01JDM4D1X886T9Z1G724FB5Q5T,490
01JDM4F59GEGR5MBN6233BQ0RP,491
01JDM4F59GEGR5MBN624WRC0V5,492
01JDM51F7GRH8J3ABC9WG41FMZ,493
01JDM56M8RA6X3AMJPBWWXPPZ3,494
01JDM5807079TMYTK58XDW2BMR,495
01JDM5807079TMYTK58YG7Q8VT,496
01JDM591DG59DCY5D0GDPHATDJ,497
01JDM591DG59DCY5D0GFQH7J8H,498
01JDM5KBG0BMCSHYKFCDDBC804,499
01JDM5KBG0BMCSHYKFCH9HFD9Z,500
01JDM5VM4RSYPGQB75CNEVNBT8,501
01JDM6CQ0R7Z2W1H13FYCQXKSF,502
01JDM6ZY88QNK8292HB9769M06,503
01JDM6ZY88QNK8292HBBB8X063,504
01JDM71G20WZV091X685W17KYK,505
01JDM72XYRCQ557EV9PSFGGK60,506
01JDM72XYRCQ557EV9PVD0G5G7,507
01JDM773R09X3T4CPC6MDRAGNM,508
01JDM773R09X3T4CPC6QHVMJK1,509
01JDM7NJMG69E1YNCB2ATHAP4P,510
01JDM84VWRGQ05K0PZ34FQR1CS,511
01JDM84VWRGQ05K0PZ36R5JV8K,512
01JDM8F03RX6PQR9TJF86YV34B,513
01JDM8PHAGPAKF9BSNQDXVAZFX,514
01JDM8PX1G5TYPV24Z6MDQA8X0,515
01JDM91740VH4RDE1CRP6B0RSF,516
01JDM9EVMR5YMSBRF16MS0526X,517
01JDM9EVMR5YMSBRF16RGDVAJJ,518
01JDM9SMC0TJZQ02PFX3S2MA4N,519
01JDM9WZSG8HB7CENC7XKACR61,520
01JDM9WZSG8HB7CENC7Y1XRFAR,521
01JDMA8E08EQ9366PZNX0A6E7J,522
01JDMA8TPGQPKAAPSYGDK64MRT,523
01JDMA9B9RDQMBJS0FJ6SM453G,524
01JDMADSW8PPSAKJM4DABBS0RE,525
01JDMAJV0GY2EXH0A53AWDJZQW,526
01JDMAMZC0HQ356ZB006SNYJ3E,527
01JDMAS830AF3GSQAZJ1PD30QZ,528
01JDMB104GJ9MJFYN8SZ26R6K5,529
01JDMB104GJ9MJFYN8T1HGDHVR,530
01JDMBKB1RH3DWT2HK78CBE1VE,531
01JDMC0QRG3J9TAVMCMZ6XTTFC,532
01JDMC0QRG3J9TAVMCMZZJZRF7,533
01JDMC4RNG85KXBXQGPZC4GSW4,534
01JDMC60PR51KJP0B15Q76XQCY,535
01JDMC77RRPK3GY2YS0FMJFNRY,536
01JDMC77RRPK3GY2YS0JVEM1RW,537
01JDMCF2R0EPWXX39HTQS1ETFV,538
01JDMCSTG0MBXYDSDWE757N58K,539
01JDMCVYVGMDH4KM4P43ACF0CW,540
01JDMCVYVGMDH4KM4P46SQN61H,541
01JDMDAVDGDYD11G40T0F2WKED,542
01JDMDGPXGSTF8QTESDEQPZTZW,543
01JDMDV5W8S2CJFASS1H936J49,544
01JDMDV5W8S2CJFASS1JNDEQJ9,545
01JDME2V00QHEEJQN3HSDTNTEG,546
01JDME89SRKR3R1RVMXPX6XQHT,547
01JDME9WJRKPJZRTCRK39JQBHG,548
01JDME9WJRKPJZRTCRK76D2VVH,549
01JDMEVRV8P3MZYZ8WM54410MQ,550
01JDMF49A05YFD7F6NPVC79XTA,551
01JDMF8A707WARWPSGFNBNR7KT,552
01JDMF8A707WARWPSGFPCKN5RM,553
01JDMFASA839PZAGAB0S0KMC18,554
01JDMFCE1RZX831FT3M5FZ37PR,555
01JDMFEKCGPYD302SDXG79513N,556
01JDMGRQ1G5A0J1TRFRM6F53MV,557
01JDMHQR6RFRX6HZDS1KS55MQR,558
01JDMJWF0GSKCA68DC74SXPVPT,559
